                  epoch,         train/box_loss,         train/seg_loss,         train/cls_loss,         train/dfl_loss,   metrics/precision(B),      metrics/recall(B),       metrics/mAP50(B),    metrics/mAP50-95(B),   metrics/precision(M),      metrics/recall(M),       metrics/mAP50(M),    metrics/mAP50-95(M),           val/box_loss,           val/seg_loss,           val/cls_loss,           val/dfl_loss,                 lr/pg0,                 lr/pg1,                 lr/pg2
                      0,                 0.6774,                0.99032,                0.79144,                0.94688,                0.60447,                0.56067,                0.55618,                0.40187,                0.58905,                 0.5558,                0.53852,                0.35884,                0.69153,                0.99902,                0.82796,                 0.8766,                0.07037,              0.0032922,              0.0032922
                      1,                0.72176,                0.91936,                0.78746,                 0.9416,                0.60905,                0.60673,                0.58174,                0.41154,                0.60106,                0.59753,                0.56894,                  0.367,                0.76775,                0.96034,                0.80372,                0.88989,               0.040357,              0.0066124,              0.0066124
                      2,                0.79335,                0.98488,                0.81832,                0.96928,                0.63022,                0.59751,                0.57542,                0.40151,                0.62723,                0.59394,                0.57697,                0.38006,                0.74599,                 1.0459,                0.86753,                0.89729,               0.010331,              0.0099194,              0.0099194
                      3,                0.84953,                  1.124,                0.84485,                 1.0043,                0.61876,                0.61736,                0.57014,                0.38827,                 0.5926,                0.59923,                  0.548,                0.35799,                 0.8732,                  1.132,                0.86792,                0.95399,              0.0099406,              0.0099406,              0.0099406
                      4,                0.84793,                 1.1011,                0.80316,                 1.0008,                0.66408,                0.64964,                0.61918,                0.42067,                0.65326,                0.61527,                0.58016,                0.36343,                0.78722,                 1.0727,                 0.7641,                0.91389,              0.0099406,              0.0099406,              0.0099406
                      5,                0.83278,                 1.0713,                0.77504,                0.99907,                0.64032,                0.67229,                0.62005,                0.40194,                0.61109,                0.63829,                0.58197,                0.34693,                0.85801,                 1.4051,                0.77809,                 0.9528,              0.0099208,              0.0099208,              0.0099208
                      6,                0.82424,                 1.0957,                0.75365,                0.99688,                0.62264,                0.60217,                0.56615,                0.38743,                0.60882,                0.57852,                0.55124,                0.37548,                0.78612,                 1.0907,                0.75986,                0.92803,               0.009901,               0.009901,               0.009901
                      7,                 0.8174,                 1.0352,                0.72323,                0.99386,                0.66087,                0.64746,                0.64218,                0.44188,                0.66083,                0.63764,                 0.6234,                0.38491,                0.76163,                 1.1038,                0.71993,                0.91259,              0.0098812,              0.0098812,              0.0098812
                      8,                0.79664,                 1.0319,                0.69866,                0.98513,                0.69585,                0.64455,                0.65307,                0.45047,                0.67644,                0.62367,                0.61784,                0.40737,                0.75301,                0.99507,                0.68325,                0.90855,              0.0098614,              0.0098614,              0.0098614
                      9,                0.79123,                 1.0225,                0.69104,                 0.9868,                0.69802,                0.68088,                0.66204,                0.43566,                0.67368,                0.67563,                0.63436,                0.39413,                0.76371,                 1.0219,                0.66841,                0.90279,              0.0098416,              0.0098416,              0.0098416
                     10,                0.78714,                 1.0381,                0.67398,                0.98995,                0.71014,                0.63449,                0.63098,                0.41741,                0.67637,                0.59093,                0.57411,                0.37299,                0.78188,                 1.0169,                0.68735,                0.92074,              0.0098218,              0.0098218,              0.0098218
                     11,                0.78427,                 1.0248,                0.66308,                0.98923,                 0.7309,                0.70175,                0.69862,                0.48039,                0.73751,                 0.6766,                0.66544,                0.41577,                 0.7305,                  1.018,                0.59655,                0.90641,               0.009802,               0.009802,               0.009802
                     12,                0.76299,                 0.9848,                0.64089,                  0.987,                0.75981,                0.69528,                0.67002,                0.45548,                0.75362,                0.67136,                0.64717,                0.40549,                0.75382,                0.96834,                 0.6185,                0.90698,              0.0097822,              0.0097822,              0.0097822
                     13,                 0.7711,                 1.0228,                0.64616,                0.97643,                0.70595,                0.65725,                0.67272,                0.46218,                0.68498,                0.61797,                 0.6301,                0.40772,                0.73476,                0.99236,                0.60693,                0.90158,              0.0097624,              0.0097624,              0.0097624
                     14,                0.76042,                 1.0071,                0.63426,                0.98143,                0.72416,                0.71729,                0.69427,                0.46728,                 0.7673,                0.66626,                0.65526,                0.40419,                0.72282,                0.96937,                0.62774,                0.90132,              0.0097426,              0.0097426,              0.0097426
                     15,                0.75657,                0.97791,                0.61883,                0.98343,                0.72078,                0.69831,                0.68368,                0.46501,                0.70959,                0.69905,                0.66548,                0.41074,                0.74369,                0.98605,                0.59845,                0.91216,              0.0097228,              0.0097228,              0.0097228
                     16,                0.75726,                 1.0037,                0.61756,                 0.9804,                0.77677,                0.72299,                 0.7122,                0.47869,                0.72181,                0.66925,                0.63722,                0.38812,                0.70284,                0.97631,                0.55501,                 0.8937,               0.009703,               0.009703,               0.009703
                     17,                0.74563,                0.96763,                0.60736,                0.98012,                0.74177,                0.71364,                0.68342,                0.46629,                0.70683,                0.67892,                0.63963,                0.40167,                0.75543,                  1.057,                  0.586,                0.91003,              0.0096832,              0.0096832,              0.0096832
                     18,                0.74458,                0.95826,                0.59842,                0.97049,                 0.7578,                0.71713,                0.71278,                0.49118,                0.73043,                0.68005,                0.67519,                0.41524,                0.74948,                0.97651,                0.57914,                0.90427,              0.0096634,              0.0096634,              0.0096634
                     19,                0.74041,                0.98515,                0.58985,                0.97966,                0.75337,                0.68164,                0.68986,                0.45798,                0.71946,                 0.6462,                0.64761,                0.38201,                0.76735,                 1.1211,                0.59558,                0.93477,              0.0096436,              0.0096436,              0.0096436
                     20,                0.73191,                0.98343,                0.57738,                 0.9765,                0.72176,                0.72197,                0.70219,                0.48114,                0.71306,                0.65655,                0.64541,                0.40999,                0.73431,                0.93744,                0.55627,                0.90771,              0.0096238,              0.0096238,              0.0096238
                     21,                0.72176,                0.96139,                0.56671,                0.97247,                0.75934,                0.70586,                0.70216,                0.49354,                0.73751,                0.67207,                0.66038,                0.41566,                0.68255,                0.93129,                0.56273,                0.88686,               0.009604,               0.009604,               0.009604
                     22,                0.73293,                0.95219,                0.56367,                0.97571,                0.70516,                0.73791,                0.69501,                0.47976,                0.72496,                0.67709,                0.66178,                0.40415,                0.69449,                 0.9257,                0.55851,                0.88955,              0.0095842,              0.0095842,              0.0095842
                     23,                0.71263,                0.94705,                0.55027,                0.96627,                0.75829,                0.72864,                 0.7109,                0.49511,                 0.7637,                0.67717,                0.67247,                0.40829,                 0.6929,                0.96144,                0.51601,                0.89509,              0.0095644,              0.0095644,              0.0095644
                     24,                0.71785,                0.96118,                0.55052,                0.96984,                0.78317,                  0.741,                0.73417,                0.51255,                0.73044,                0.68719,                0.67828,                0.43346,                0.71067,                 1.0099,                 0.5206,                 0.9051,              0.0095446,              0.0095446,              0.0095446
                     25,                0.70656,                0.93596,                0.54657,                0.96334,                0.70776,                0.70145,                0.69175,                0.47855,                0.67045,                0.68009,                0.65249,                0.40817,                0.68312,                0.95274,                0.55621,                0.89873,              0.0095248,              0.0095248,              0.0095248
                     26,                0.70951,                0.94023,                0.54047,                 0.9663,                0.78353,                0.68924,                0.70634,                 0.4917,                0.74736,                0.66055,                0.66243,                0.41048,                0.70561,                 1.0838,                0.55296,                0.90552,               0.009505,               0.009505,               0.009505
                     27,                0.70511,                0.94473,                0.54544,                0.96375,                0.76202,                 0.7267,                 0.7279,                0.50209,                0.72936,                0.70459,                0.69634,                0.44478,                0.71653,                0.95576,                0.53543,                0.90902,              0.0094852,              0.0094852,              0.0094852
                     28,                 0.7086,                0.94097,                0.53996,                0.96548,                 0.7568,                0.75766,                0.73777,                0.50031,                0.71434,                0.72247,                0.69112,                0.42374,                0.71396,                0.90769,                0.49514,                0.90068,              0.0094654,              0.0094654,              0.0094654
                     29,                0.71032,                0.94856,                 0.5296,                0.97161,                0.77356,                0.74262,                0.73407,                0.50768,                0.74173,                0.69189,                0.67992,                0.43503,                0.68391,                0.91978,                0.49067,                0.89368,              0.0094456,              0.0094456,              0.0094456
                     30,                0.69526,                 0.9274,                0.52152,                0.95907,                0.76489,                0.69321,                0.70477,                0.49264,                0.74307,                0.67889,                0.67206,                0.42818,                0.67893,                0.93971,                0.51971,                0.89413,              0.0094258,              0.0094258,              0.0094258
                     31,                 0.6998,                0.93029,                0.52172,                 0.9621,                0.78749,                0.74491,                0.73426,                0.51675,                0.75355,                0.71389,                0.70235,                0.44637,                 0.6702,                0.94591,                0.47838,                0.88441,               0.009406,               0.009406,               0.009406
                     32,                0.69183,                0.91608,                0.51498,                 0.9597,                0.71813,                0.73955,                0.71664,                 0.5067,                0.67729,                0.71006,                0.68379,                0.42595,                0.66479,                0.91264,                0.52737,                0.88634,              0.0093862,              0.0093862,              0.0093862
                     33,                0.67924,                0.89741,                0.50869,                0.95619,                0.76953,                0.71897,                0.71234,                0.49017,                0.73768,                0.69348,                0.68122,                0.42096,                0.71573,                0.96342,                0.51875,                0.89914,              0.0093664,              0.0093664,              0.0093664
                     34,                0.67304,                0.89905,                0.50759,                0.95902,                0.79154,                0.73511,                0.72113,                0.49807,                0.77612,                0.70851,                0.69024,                0.42838,                0.69993,                0.90567,                0.52153,                0.90154,              0.0093466,              0.0093466,              0.0093466
                     35,                0.68493,                0.90276,                0.50312,                0.96261,                0.79699,                0.72639,                0.71085,                 0.4952,                0.75214,                0.71504,                0.68325,                0.42347,                0.71156,                0.96293,                0.50847,                0.89688,              0.0093268,              0.0093268,              0.0093268
                     36,                0.68556,                0.91694,                0.50026,                0.95974,                0.78023,                0.73028,                0.73371,                0.50075,                0.74316,                0.69186,                0.68621,                0.42437,                0.69678,                0.89946,                0.47322,                 0.8889,               0.009307,               0.009307,               0.009307
                     37,                0.67319,                 0.9003,                0.49648,                0.96037,                0.80469,                0.74561,                0.73289,                0.52169,                0.78679,                0.70177,                0.68363,                0.42765,                0.66258,                0.92135,                0.45629,                0.87967,              0.0092872,              0.0092872,              0.0092872
                     38,                0.68624,                0.89511,                0.49924,                0.95021,                0.79162,                0.75088,                0.72248,                 0.4973,                 0.7413,                0.70752,                0.67222,                0.41116,                0.69932,                0.91727,                 0.4874,                0.90178,              0.0092674,              0.0092674,              0.0092674
                     39,                0.67875,                0.90351,                0.49792,                0.95351,                  0.757,                0.76043,                0.70788,                0.50129,                0.70893,                0.72063,                0.65769,                0.41002,                0.66335,                0.91531,                0.47844,                0.88149,              0.0092476,              0.0092476,              0.0092476
                     40,                0.68146,                0.93279,                0.49884,                 0.9571,                0.78619,                0.72938,                0.73032,                0.50603,                0.72126,                0.67733,                0.67141,                0.42572,                0.69325,                0.96552,                0.47568,                0.88626,              0.0092278,              0.0092278,              0.0092278
                     41,                0.67132,                 0.8936,                0.49314,                0.95614,                0.67943,                0.70625,                0.70618,                0.49624,                0.65521,                0.67826,                0.67208,                0.41088,                0.69393,                0.96292,                0.56671,                0.89382,               0.009208,               0.009208,               0.009208
                     42,                0.67072,                0.88829,                0.48637,                0.95599,                0.80344,                0.73223,                0.72524,                0.49454,                0.73756,                0.69251,                0.67517,                0.41187,                0.70623,                0.99942,                0.48408,                0.89093,              0.0091882,              0.0091882,              0.0091882
                     43,                0.67193,                0.89106,                0.48523,                0.95516,                0.83595,                0.76264,                0.75034,                0.53508,                0.80113,                0.72091,                0.71374,                 0.4451,                0.68442,                0.91269,                0.45439,                0.89403,              0.0091684,              0.0091684,              0.0091684
                     44,                0.66817,                 0.9054,                0.48775,                0.95468,                0.81153,                0.72926,                0.73202,                0.52051,                0.78864,                0.67699,                0.68454,                0.43363,                0.66369,                0.92428,                0.47917,                0.89174,              0.0091486,              0.0091486,              0.0091486
                     45,                0.66456,                 0.8744,                0.48113,                0.94694,                0.83593,                0.74595,                0.74456,                 0.5366,                0.80003,                0.69795,                0.69773,                0.44957,                0.67462,                0.90489,                0.44478,                0.88858,              0.0091288,              0.0091288,              0.0091288
                     46,                0.64911,                0.84238,                0.46923,                0.95404,                0.78839,                0.73943,                 0.7287,                0.50754,                0.74716,                0.70705,                0.68925,                0.41934,                0.66778,                0.91387,                0.48995,                0.88503,               0.009109,               0.009109,               0.009109
                     47,                 0.6526,                0.86055,                0.47297,                0.94594,                0.81811,                0.73569,                0.72699,                0.51672,                0.78243,                0.71129,                0.69416,                0.45356,                0.67332,                0.87423,                0.46374,                0.89544,              0.0090892,              0.0090892,              0.0090892
                     48,                0.65137,                0.88127,                0.47192,                0.94612,                0.77044,                0.75514,                0.72441,                0.51849,                0.74508,                0.69983,                0.69069,                0.45527,                0.67972,                0.90123,                0.46362,                 0.8911,              0.0090694,              0.0090694,              0.0090694
                     49,                0.66926,                0.92267,                0.47513,                0.95845,                0.80643,                0.73533,                0.70808,                0.51662,                0.78673,                0.72079,                0.68133,                0.45173,                0.66842,                0.91102,                0.47384,                0.88794,              0.0090496,              0.0090496,              0.0090496
                     50,                0.65388,                0.88096,                0.46872,                0.95118,                0.81246,                0.73327,                0.74499,                0.53875,                0.81619,                0.70066,                 0.7157,                0.45586,                0.66671,                 0.9005,                0.45016,                0.89012,              0.0090298,              0.0090298,              0.0090298
                     51,                0.64647,                0.87009,                0.46389,                0.95097,                 0.8132,                0.74811,                 0.7306,                0.51109,                0.76504,                0.70452,                 0.6927,                0.42639,                0.69118,                0.95058,                0.46716,                0.89567,                0.00901,                0.00901,                0.00901
                     52,                0.65167,                0.87195,                0.46946,                0.94482,                 0.7579,                 0.7564,                0.72783,                0.50698,                0.72906,                0.72392,                0.69136,                0.42392,                0.65592,                0.94292,                0.46125,                 0.8776,              0.0089902,              0.0089902,              0.0089902
                     53,                0.65121,                0.89359,                0.47174,                0.94557,                0.81617,                0.74507,                0.74707,                0.53233,                 0.7746,                0.71007,                0.70787,                0.43364,                 0.6576,                0.90824,                0.45523,                0.87851,              0.0089704,              0.0089704,              0.0089704
                     54,                0.64212,                0.84917,                0.46241,                0.94704,                0.81324,                0.70772,                0.73587,                0.52655,                 0.8023,                0.70043,                0.70798,                0.45196,                0.65307,                0.92444,                0.43204,                0.88188,              0.0089506,              0.0089506,              0.0089506
                     55,                0.64062,                0.84558,                0.45725,                0.93862,                0.79999,                0.72804,                0.71723,                0.50575,                0.75169,                0.68162,                0.65849,                0.42101,                0.64289,                0.90273,                0.47191,                0.87679,              0.0089308,              0.0089308,              0.0089308
                     56,                0.64675,                0.89296,                0.46322,                 0.9462,                0.84147,                0.72921,                0.74018,                0.51141,                0.79426,                0.68163,                0.68459,                0.43168,                 0.6679,                0.95715,                0.44893,                0.88501,               0.008911,               0.008911,               0.008911
                     57,                0.65316,                0.88234,                0.45878,                0.95186,                0.79202,                0.74897,                 0.7253,                 0.5056,                0.75417,                0.69644,                0.67305,                0.42947,                0.67583,                0.92342,                0.46662,                0.88177,              0.0088912,              0.0088912,              0.0088912
                     58,                0.64048,                0.88254,                0.45281,                0.93935,                0.80642,                0.70153,                0.71565,                0.49911,                0.80402,                0.67604,                0.67718,                0.42764,                0.67722,                0.88258,                0.48865,                0.88701,              0.0088714,              0.0088714,              0.0088714
                     59,                0.64307,                0.85182,                0.45714,                0.94632,                  0.813,                0.75219,                0.73112,                0.51808,                0.76089,                0.70399,                0.68519,                0.42905,                0.65203,                0.90369,                0.44838,                0.88369,              0.0088516,              0.0088516,              0.0088516
                     60,                0.65722,                0.90303,                0.46371,                0.94899,                0.78822,                0.75732,                 0.7398,                 0.5171,                0.73124,                0.70356,                0.66935,                0.42888,                0.68811,                0.90379,                0.46575,                 0.9008,              0.0088318,              0.0088318,              0.0088318
                     61,                0.64232,                0.85506,                0.45953,                0.94329,                0.82312,                0.73968,                0.75737,                0.52352,                0.79275,                  0.711,                0.72014,                0.44465,                0.66757,                0.87166,                 0.4539,                0.88245,               0.008812,               0.008812,               0.008812
                     62,                0.64098,                0.89531,                0.44673,                0.94663,                0.86159,                0.73036,                0.75226,                0.53728,                0.77327,                0.68917,                0.67843,                0.42696,                0.64369,                 0.8701,                0.43132,                 0.8827,              0.0087922,              0.0087922,              0.0087922
                     63,                0.63901,                0.87931,                0.44753,                0.94548,                0.78159,                0.71739,                0.72211,                0.50517,                0.68728,                 0.6779,                0.65745,                0.41842,                0.67063,                0.90812,                0.45645,                0.88208,              0.0087724,              0.0087724,              0.0087724
                     64,                0.63261,                0.86712,                0.44722,                0.94532,                0.78024,                0.74421,                0.72568,                 0.5055,                 0.7386,                 0.6969,                0.67473,                0.40003,                0.66553,                0.91062,                0.45931,                0.88411,              0.0087526,              0.0087526,              0.0087526
                     65,                0.64455,                0.88658,                0.45556,                0.94355,                 0.8045,                0.76803,                0.73835,                0.53011,                0.77743,                 0.7135,                0.69186,                0.45399,                0.65625,                0.87909,                0.44553,                0.88538,              0.0087328,              0.0087328,              0.0087328
                     66,                0.62652,                0.86206,                0.44091,                0.94634,                0.77331,                0.73916,                0.73659,                0.52565,                0.74346,                0.69847,                0.69951,                0.43248,                0.66016,                0.87972,                0.46178,                0.88568,               0.008713,               0.008713,               0.008713
                     67,                0.62985,                0.83978,                0.44075,                0.94311,                0.82227,                0.75375,                0.73773,                0.53765,                 0.7811,                0.73301,                0.70907,                0.43541,                0.65972,                0.87171,                0.43335,                0.87758,              0.0086932,              0.0086932,              0.0086932
                     68,                0.63722,                 0.8506,                0.44635,                0.94512,                0.79028,                0.75737,                0.75324,                0.54519,                0.78309,                0.72601,                0.72888,                0.46547,                0.65984,                0.90245,                0.43467,                0.88822,              0.0086734,              0.0086734,              0.0086734
                     69,                0.63048,                 0.8506,                0.44166,                 0.9414,                0.81912,                0.74075,                0.74448,                 0.5247,                0.79089,                0.71007,                0.71081,                0.45803,                0.65819,                0.84836,                0.43772,                0.88264,              0.0086536,              0.0086536,              0.0086536
                     70,                0.62824,                0.85013,                0.44347,                 0.9404,                0.83216,                0.73428,                0.75406,                0.52575,                0.79489,                0.71069,                0.72002,                0.45265,                 0.6609,                 0.8926,                0.42702,                0.87415,              0.0086338,              0.0086338,              0.0086338
                     71,                0.62445,                0.83743,                0.44568,                 0.9386,                0.82148,                0.73672,                0.74293,                0.53021,                0.80263,                0.71897,                0.70933,                0.44725,                0.65431,                0.87182,                0.43003,                0.88317,               0.008614,               0.008614,               0.008614
                     72,                0.62263,                0.84425,                0.43387,                0.93598,                0.80634,                0.74924,                0.74531,                0.52457,                0.74113,                0.69403,                0.68221,                0.43542,                0.64133,                0.88775,                0.43215,                0.87422,              0.0085942,              0.0085942,              0.0085942
                     73,                0.62904,                0.85597,                0.44315,                0.93911,                0.85357,                0.76403,                0.77053,                0.54845,                 0.8193,                0.73179,                0.72947,                0.44565,                0.63938,                0.88681,                0.40638,                0.87121,              0.0085744,              0.0085744,              0.0085744
                     74,                0.62464,                0.84583,                0.43474,                0.93769,                0.84926,                0.73233,                0.75486,                0.54659,                0.80261,                0.70013,                0.71542,                0.44775,                0.65893,                0.93143,                0.41811,                0.89265,              0.0085546,              0.0085546,              0.0085546
                     75,                0.62211,                0.82976,                0.42779,                 0.9475,                0.81585,                0.72138,                0.74199,                 0.5326,                 0.7874,                0.67992,                0.69255,                0.43296,                0.65868,                0.91984,                0.45687,                0.88106,              0.0085348,              0.0085348,              0.0085348
                     76,                0.62374,                0.84796,                0.43655,                0.94168,                0.82107,                0.73049,                 0.7452,                0.52918,                0.77679,                0.70797,                0.71476,                0.43807,                0.63566,                0.88549,                0.43041,                0.87462,               0.008515,               0.008515,               0.008515
                     77,                0.61694,                0.83735,                0.43353,                0.93637,                0.81529,                0.72338,                 0.7297,                0.52723,                0.76866,                0.69109,                0.68871,                 0.4389,                0.63659,                0.89742,                0.46634,                0.86931,              0.0084952,              0.0084952,              0.0084952
                     78,                 0.6257,                0.85057,                0.43179,                0.93688,                0.81254,                 0.7487,                0.73822,                0.52762,                0.77451,                0.71511,                0.71178,                 0.4416,                0.65078,                0.91701,                 0.4319,                0.88395,              0.0084754,              0.0084754,              0.0084754
                     79,                0.61415,                  0.836,                0.42288,                0.93656,                0.78592,                0.76435,                0.74585,                0.52287,                0.74578,                0.73438,                0.70419,                0.43451,                0.65591,                0.89924,                0.45425,                0.88417,              0.0084556,              0.0084556,              0.0084556
                     80,                0.62364,                 0.8451,                 0.4326,                 0.9409,                  0.801,                0.75382,                0.73476,                 0.5269,                0.77067,                0.72809,                0.70538,                0.45283,                0.65242,                0.89508,                0.43926,                0.88669,              0.0084358,              0.0084358,              0.0084358
                     81,                0.62202,                0.84495,                0.43391,                0.93558,                0.79117,                 0.7398,                0.74256,                 0.5288,                0.72535,                0.70142,                0.69297,                0.43235,                 0.6348,                0.91686,                 0.4254,                0.87193,               0.008416,               0.008416,               0.008416
                     82,                0.60918,                0.81777,                0.41459,                0.93542,                0.82127,                0.77039,                0.76865,                0.54607,                0.77875,                0.73831,                0.73249,                0.46709,                0.61723,                0.88763,                0.40796,                0.86797,              0.0083962,              0.0083962,              0.0083962
                     83,                0.61242,                0.83069,                0.42597,                0.93422,                0.83153,                0.72972,                 0.7576,                0.54593,                0.78109,                0.69429,                0.71083,                 0.4467,                0.64118,                0.88113,                0.42077,                 0.8808,              0.0083764,              0.0083764,              0.0083764
                     84,                0.60704,                0.81368,                0.42512,                0.93787,                0.79064,                0.75121,                0.73606,                0.53749,                0.74101,                0.71019,                0.69046,                0.44518,                0.61358,                0.88802,                0.44867,                0.87148,              0.0083566,              0.0083566,              0.0083566
                     85,                0.61749,                0.83392,                0.43038,                0.93148,                0.85244,                0.71222,                0.76134,                0.54684,                0.79814,                0.67516,                 0.6969,                0.45105,                0.62748,                0.91331,                0.42545,                0.87149,              0.0083368,              0.0083368,              0.0083368
                     86,                0.61144,                0.81943,                0.42394,                0.93148,                0.81618,                0.74244,                0.74465,                 0.5326,                0.77499,                0.68564,                0.68797,                0.44095,                0.64601,                0.88065,                0.41852,                0.88321,               0.008317,               0.008317,               0.008317
                     87,                0.61804,                0.83495,                 0.4207,                 0.9402,                 0.7975,                0.77005,                0.75958,                0.53085,                0.81687,                0.70602,                0.71115,                 0.4456,                0.64443,                0.88907,                 0.4033,                0.88032,              0.0082972,              0.0082972,              0.0082972
                     88,                0.61105,                0.84216,                 0.4278,                0.92929,                0.79077,                0.74573,                0.74512,                0.52427,                0.73264,                0.69677,                0.67807,                0.42688,                0.66186,                0.90713,                0.43379,                0.87433,              0.0082774,              0.0082774,              0.0082774
                     89,                0.60403,                 0.8439,                0.41856,                0.93387,                 0.7983,                0.71324,                 0.7521,                0.53381,                0.73487,                0.65476,                0.67933,                0.43347,                0.64055,                0.91802,                0.44263,                0.88006,              0.0082576,              0.0082576,              0.0082576
                     90,                0.60502,                0.82755,                0.41517,                0.93483,                0.80824,                0.74835,                0.75167,                0.54008,                0.77924,                0.71333,                0.70473,                0.44735,                0.62887,                0.89887,                0.42631,                0.87593,              0.0082378,              0.0082378,              0.0082378
                     91,                0.60993,                0.80925,                0.41956,                0.93707,                0.80918,                0.73007,                0.73155,                0.53078,                0.78395,                0.68485,                0.69742,                0.44739,                0.64003,                0.90348,                0.43948,                0.87551,               0.008218,               0.008218,               0.008218
                     92,                0.61609,                 0.8247,                0.41652,                0.93505,                0.80642,                0.73009,                 0.7429,                0.52662,                0.76274,                0.69842,                0.69681,                0.44568,                0.62355,                0.90174,                0.41974,                 0.8715,              0.0081982,              0.0081982,              0.0081982
                     93,                0.61153,                0.84043,                 0.4191,                0.93289,                0.86578,                0.72022,                0.76509,                0.55279,                0.81676,                0.68461,                0.71842,                0.45848,                0.63274,                 0.9026,                0.41889,                0.88376,              0.0081784,              0.0081784,              0.0081784
                     94,                0.59957,                0.80018,                0.40683,                0.93157,                0.85438,                0.70012,                 0.7528,                0.53921,                0.81868,                0.67346,                0.70848,                0.43663,                0.65509,                0.90001,                0.40164,                0.88659,              0.0081586,              0.0081586,              0.0081586
                     95,                0.60747,                0.81668,                0.40806,                0.93634,                0.83973,                 0.7496,                0.74509,                0.52768,                0.77722,                0.70635,                0.69545,                0.44523,                0.64016,                0.87598,                 0.4281,                0.88317,              0.0081388,              0.0081388,              0.0081388
                     96,                 0.6061,                0.82817,                0.41275,                0.92775,                0.80463,                0.72208,                0.72703,                0.53272,                0.81714,                0.68534,                0.70092,                0.45022,                0.62929,                0.88508,                0.46178,                0.87888,               0.008119,               0.008119,               0.008119
                     97,                0.59654,                 0.8048,                0.40295,                 0.9318,                0.82408,                0.72522,                0.76122,                0.54386,                0.78094,                0.69275,                0.70954,                0.45929,                0.62995,                0.87167,                 0.4105,                0.87566,              0.0080992,              0.0080992,              0.0080992
                     98,                0.59392,                0.80302,                0.40924,                0.92684,                0.81354,                0.77419,                0.74625,                0.54037,                0.76119,                 0.7197,                 0.7008,                0.46163,                0.63165,                0.87975,                0.42185,                0.87685,              0.0080794,              0.0080794,              0.0080794
                     99,                0.60623,                0.81327,                0.41126,                0.93971,                0.82129,                0.74678,                0.76095,                 0.5461,                0.83462,                 0.7081,                0.73266,                0.45544,                0.63167,                0.85433,                0.41154,                0.87507,              0.0080596,              0.0080596,              0.0080596
                    100,                0.60068,                0.83043,                0.40687,                0.92533,                0.83993,                0.71307,                0.72776,                0.52925,                0.81784,                 0.7015,                0.70484,                0.43784,                0.65254,                0.90078,                  0.501,                0.87743,              0.0080398,              0.0080398,              0.0080398
                    101,                 0.6052,                0.81765,                0.40648,                0.93621,                0.84215,                0.74108,                 0.7401,                0.52953,                0.79121,                0.71121,                0.70238,                0.45011,                0.62868,                 0.8927,                0.43461,                0.87191,                0.00802,                0.00802,                0.00802
                    102,                0.60025,                0.81239,                0.40736,                0.92903,                0.82667,                0.72858,                0.75367,                0.53713,                0.74306,                0.69388,                0.70053,                 0.4459,                0.63669,                0.88954,                0.42256,                0.88586,              0.0080002,              0.0080002,              0.0080002
                    103,                0.61085,                0.84661,                0.41426,                0.93387,                0.83373,                0.70578,                0.74115,                0.53479,                0.81124,                0.68943,                0.71282,                0.44847,                0.63202,                0.89655,                0.44322,                0.87789,              0.0079804,              0.0079804,              0.0079804
                    104,                0.58711,                0.80335,                 0.3933,                0.92563,                0.84646,                0.76325,                0.75192,                0.54222,                0.78776,                0.71916,                0.69936,                0.44076,                0.64239,                0.90818,                0.40945,                 0.8847,              0.0079606,              0.0079606,              0.0079606
                    105,                 0.6018,                0.81316,                 0.4035,                0.93296,                0.81831,                 0.7682,                 0.7571,                0.53624,                0.80941,                0.69378,                0.69832,                0.45445,                0.64311,                0.88003,                0.41156,                0.88159,              0.0079408,              0.0079408,              0.0079408
                    106,                0.59281,                  0.803,                0.40124,                0.92856,                0.81295,                0.76796,                0.76168,                0.54312,                0.77048,                0.72044,                0.71534,                0.44497,                0.62858,                0.88305,                0.40434,                 0.8727,               0.007921,               0.007921,               0.007921
                    107,                0.60156,                0.82771,                0.40518,                 0.9292,                0.84277,                0.74876,                0.75292,                0.53946,                0.82848,                0.70037,                0.70417,                 0.4437,                0.64328,                0.88541,                0.41049,                0.88122,              0.0079012,              0.0079012,              0.0079012
                    108,                0.59385,                0.81943,                0.39791,                0.92901,                0.83013,                0.73551,                0.76217,                0.54413,                0.76773,                    0.7,                0.71744,                0.44885,                0.63809,                0.88823,                 0.4225,                0.88133,              0.0078814,              0.0078814,              0.0078814
                    109,                0.59653,                0.79733,                0.39703,                 0.9325,                0.88655,                0.71188,                0.76765,                0.55325,                0.83768,                0.68385,                0.72088,                0.45335,                0.62051,                0.89047,                0.41109,                0.87674,              0.0078616,              0.0078616,              0.0078616
                    110,                0.60223,                0.81839,                0.39822,                0.93157,                0.80335,                0.73517,                0.72059,                0.53088,                0.75656,                0.69802,                0.67434,                0.44783,                0.63185,                0.87744,                0.43788,                0.87544,              0.0078418,              0.0078418,              0.0078418
                    111,                0.58038,                0.79175,                0.39073,                0.92148,                0.81552,                0.75136,                0.75535,                0.54806,                 0.7714,                0.71797,                0.71354,                0.45688,                0.62022,                0.88552,                0.41104,                0.87533,               0.007822,               0.007822,               0.007822
                    112,                0.59671,                0.83301,                0.39807,                0.93134,                0.84991,                0.71564,                 0.7434,                0.52315,                0.83184,                0.69567,                0.71172,                0.44745,                0.63379,                0.94463,                0.44868,                 0.8694,              0.0078022,              0.0078022,              0.0078022
                    113,                0.58562,                0.80347,                0.39676,                0.92295,                0.79594,                0.73017,                0.73943,                0.52519,                0.76584,                0.65935,                0.66654,                0.43133,                0.64042,                0.90309,                0.44184,                0.87374,              0.0077824,              0.0077824,              0.0077824
                    114,                0.59757,                0.81175,                0.39348,                 0.9263,                0.82017,                0.74192,                0.75733,                0.54312,                0.74547,                0.67134,                0.68563,                0.44354,                0.62919,                0.90949,                0.44306,                0.86843,              0.0077626,              0.0077626,              0.0077626
                    115,                0.59558,                0.80759,                0.39893,                0.92583,                0.83413,                0.74833,                0.75076,                 0.5426,                0.78824,                0.71494,                0.70877,                0.44423,                0.63412,                0.89019,                0.41797,                0.88081,              0.0077428,              0.0077428,              0.0077428
                    116,                0.59459,                0.81409,                0.39844,                0.92784,                0.81396,                0.76994,                0.75608,                0.54021,                0.76285,                0.72194,                0.70857,                0.45551,                0.62514,                0.89639,                0.41538,                0.87507,               0.007723,               0.007723,               0.007723
                    117,                0.58655,                0.79009,                0.39081,                0.92773,                0.83183,                0.71286,                0.74436,                0.53769,                 0.7957,                0.68384,                 0.7025,                0.44503,                0.62451,                0.92436,                0.46959,                0.87397,              0.0077032,              0.0077032,              0.0077032
                    118,                0.58852,                0.80814,                0.39552,                0.92876,                0.78977,                0.74556,                0.73065,                0.51976,                0.75489,                0.70701,                0.68593,                0.43114,                0.63815,                0.87555,                0.43306,                0.87024,              0.0076834,              0.0076834,              0.0076834
                    119,                0.57866,                0.79903,                0.39152,                  0.926,                0.82631,                0.76504,                0.75637,                0.54264,                0.78231,                0.72735,                 0.7085,                0.44991,                0.62745,                0.86005,                 0.3973,                0.86613,              0.0076636,              0.0076636,              0.0076636
                    120,                0.58407,                0.79417,                0.39115,                0.92454,                0.84345,                0.71573,                 0.7418,                0.53961,                0.79993,                 0.6863,                0.70017,                0.44094,                0.62774,                 0.8627,                 0.4211,                0.86062,              0.0076438,              0.0076438,              0.0076438
                    121,                0.58278,                0.81573,                0.38952,                0.92293,                0.82267,                0.74163,                0.75389,                0.54648,                0.80284,                0.70948,                 0.7139,                0.44882,                0.62947,                0.84611,                0.39379,                0.87811,               0.007624,               0.007624,               0.007624
                    122,                0.58313,                0.79237,                0.38658,                0.92328,                0.79473,                0.73333,                0.74049,                0.53862,                 0.7849,                0.70254,                0.70677,                   0.45,                0.63196,                0.87088,                 0.4246,                0.87067,              0.0076042,              0.0076042,              0.0076042
                    123,                0.58566,                0.76565,                0.38622,                0.92356,                0.82825,                0.74645,                 0.7639,                0.55739,                0.83987,                0.70134,                0.72083,                0.45078,                0.62394,                0.86925,                0.39485,                 0.8724,              0.0075844,              0.0075844,              0.0075844
                    124,                0.58364,                0.79739,                0.39201,                0.92189,                0.82437,                0.74073,                0.75523,                0.54295,                0.78757,                0.69309,                0.70452,                0.45016,                0.61726,                0.92241,                0.41276,                0.86807,              0.0075646,              0.0075646,              0.0075646
                    125,                0.57991,                0.80192,                 0.3932,                0.92489,                0.81292,                0.72589,                0.75951,                0.55378,                0.81268,                0.70018,                0.73638,                0.45751,                0.61851,                0.88319,                 0.4143,                0.87305,              0.0075448,              0.0075448,              0.0075448
                    126,                0.58063,                0.78786,                 0.3915,                 0.9267,                0.83842,                0.74548,                0.75777,                0.54815,                0.79364,                0.71092,                 0.7266,                0.44998,                0.61834,                0.82866,                0.39995,                0.86918,               0.007525,               0.007525,               0.007525
                    127,                0.58059,                0.81077,                0.39037,                0.91941,                0.82558,                0.74388,                0.74378,                0.54058,                0.78331,                0.72324,                0.71261,                0.45098,                0.61293,                0.86879,                0.40668,                0.86503,              0.0075052,              0.0075052,              0.0075052
                    128,                 0.5745,                0.78972,                0.38472,                0.92025,                0.83494,                0.72285,                0.75314,                0.54868,                0.79056,                0.70021,                0.72177,                0.44124,                0.60893,                0.86641,                0.40263,                0.86977,              0.0074854,              0.0074854,              0.0074854
                    129,                0.56781,                0.77327,                0.38015,                0.91809,                0.85371,                0.75019,                0.75832,                0.54324,                0.81592,                0.72082,                0.72692,                0.45416,                0.61327,                0.83718,                0.40444,                0.86838,              0.0074656,              0.0074656,              0.0074656
                    130,                0.57903,                0.78157,                0.38499,                0.92261,                0.80338,                0.73785,                0.74266,                0.53991,                0.75945,                0.69385,                0.68519,                0.43569,                 0.6146,                0.90731,                0.44551,                0.86785,              0.0074458,              0.0074458,              0.0074458
                    131,                0.58122,                0.78739,                0.38622,                 0.9271,                0.79211,                0.75133,                 0.7456,                0.54541,                0.81222,                0.68891,                0.71749,                0.45741,                0.60687,                0.85009,                0.41204,                0.86885,               0.007426,               0.007426,               0.007426
                    132,                0.58349,                0.78556,                0.38374,                 0.9283,                0.84914,                0.71105,                0.74133,                0.53716,                0.80429,                0.67775,                0.70063,                0.45723,                0.61902,                0.89579,                0.43893,                0.86855,              0.0074062,              0.0074062,              0.0074062
